{
  "mappings": [
    {
      "object_name": "Account",
      "config": {
        "access": "read_only",
        "sf_notify_enabled": true,
        "sf_polling_seconds": 120,
        "sf_max_daily_api_calls": 30000,
        "fields": {
          "Color__c": {},
          "Alternate_Account_Name__c": {},
          "Is_Competitor__c": {},
          "Billing_Account_Name__c": {},
          "Account_Name_and_Oracle_Number__c": {},
          "BillingStateCode": {},
          "ShippingState": {},
          "Billing_Account_Number__c": {},
          "RecordTypeId": {},
          "ShippingPostalCode": {},
          "BillingCity": {},
          "Oracle_Account_Number__c": {},
          "Customer_ID__c": {},
          "AccountSource": {},
          "BillingCountryCode": {},
          "ShippingCountry": {},
          "Name": {},
          "Bill_To_City__c": {},
          "Bill_To_Order_Type__c": {},
          "Billing_Address_Formula__c": {},
          "Bill_To_Name__c": {},
          "OwnerId": {},
          "IsDeleted": {},
          "SystemModstamp": {},
          "ShippingStreet": {},
          "Billing_Address__c": {},
          "BillingPostalCode": {},
          "Account_Category__c": {},
          "Billing_City__c": {},
          "Nickname__c": {},
          "Area__c": {},
          "CreatedDate": {},
          "BillingState": {},
          "AccountNumber": {},
          "ShippingCity": {},
          "Account_Email__c": {},
          "Account_Name_Search__c": {},
          "Bill_To_Country__c": {},
          "BillingCountry": {},
          "Id": {},
          "Bill_to_Address__c": {},
          "Account_Class__c": {},
          "Active__c": {},
          "BillingStreet": {},
          "Account_Status__c": {}
        },
        "indexes": {
          "Customer_ID__c": {
            "unique": true
          },
          "SystemModstamp": {
            "unique": false
          },
          "Id": {
            "unique": true
          },
          "Color__c": {
            "unique": false
          },
          "Alternate_Account_Name__c": {
            "unique": false
          },
          "Is_Competitor__c": {
            "unique": false
          },
          "Account_Name_and_Oracle_Number__c": {
            "unique": false
          },
          "ShippingState": {
            "unique": false
          },
          "RecordTypeId": {
            "unique": false
          },
          "ShippingPostalCode": {
            "unique": false
          },
          "Oracle_Account_Number__c": {
            "unique": false
          },
          "AccountSource": {
            "unique": false
          },
          "ShippingCountry": {
            "unique": false
          },
          "Bill_To_City__c": {
            "unique": false
          },
          "Bill_To_Order_Type__c": {
            "unique": false
          },
          "Bill_To_Name__c": {
            "unique": false
          },
          "OwnerId": {
            "unique": false
          },
          "ShippingStreet": {
            "unique": false
          },
          "Account_Category__c": {
            "unique": false
          },
          "Nickname__c": {
            "unique": false
          },
          "Area__c": {
            "unique": false
          },
          "CreatedDate": {
            "unique": false
          },
          "AccountNumber": {
            "unique": false
          },
          "ShippingCity": {
            "unique": false
          },
          "Account_Email__c": {
            "unique": false
          },
          "Account_Name_Search__c": {
            "unique": false
          },
          "Bill_To_Country__c": {
            "unique": false
          },
          "Bill_to_Address__c": {
            "unique": false
          },
          "Account_Class__c": {
            "unique": false
          },
          "Active__c": {
            "unique": false
          },
          "Account_Status__c": {
            "unique": false
          }
        },
        "applied_at": "2018-08-15T19:23:21.612900Z"
      }
    },
    {
      "object_name": "AccountTeamMember",
      "config": {
        "access": "read_only",
        "sf_notify_enabled": false,
        "sf_polling_seconds": 120,
        "sf_max_daily_api_calls": 30000,
        "fields": {
          "ContactAccessLevel": {},
          "UserId": {},
          "AccountId": {},
          "TeamMemberRole": {},
          "OpportunityAccessLevel": {},
          "IsDeleted": {},
          "SystemModstamp": {},
          "CaseAccessLevel": {},
          "AccountAccessLevel": {},
          "CreatedDate": {},
          "Id": {}
        },
        "indexes": {
          "SystemModstamp": {
            "unique": false
          },
          "Id": {
            "unique": true
          }
        }
      }
    },
    {
      "object_name": "Additional_Surgery_Fee__c",
      "config": {
        "access": "read_write",
        "sf_notify_enabled": false,
        "sf_polling_seconds": 120,
        "sf_max_daily_api_calls": 30000,
        "fields": {
          "Name": {},
          "IsDeleted": {},
          "Surgical_Case__c": {},
          "SystemModstamp": {},
          "Value__c": {},
          "Surgical_Case__r__External_Id__c": {},
          "External_ID__c": {},
          "CreatedDate": {},
          "Id": {}
        },
        "indexes": {
          "SystemModstamp": {
            "unique": false
          },
          "Surgical_Case__c": {
            "unique": false
          },
          "External_ID__c": {
            "unique": true
          },
          "Id": {
            "unique": true
          }
        },
        "upsert_field": "External_ID__c"
      }
    },
    {
      "object_name": "Address__c",
      "config": {
        "indexes": {
          "SystemModstamp": {
            "unique": false
          },
          "External_ID__c": {
            "unique": true
          },
          "Id": {
            "unique": true
          },
          "State_Province__c": {
            "unique": false
          },
          "Address2__c": {
            "unique": false
          },
          "Attention__c": {
            "unique": false
          },
          "Address1__c": {
            "unique": false
          },
          "BranchId__c": {
            "unique": false
          },
          "Account_Name__c": {
            "unique": false
          },
          "Description__c": {
            "unique": false
          },
          "PostalCode__c": {
            "unique": false
          },
          "Name": {
            "unique": false
          },
          "Country__c": {
            "unique": false
          },
          "Address__c": {
            "unique": false
          },
          "Primary_Address_Flag__c": {
            "unique": false
          },
          "End_Date__c": {
            "unique": false
          },
          "Shipping_Method__c": {
            "unique": false
          },
          "CreatedDate": {
            "unique": false
          },
          "Account__c": {
            "unique": false
          },
          "Start_Date__c": {
            "unique": false
          },
          "City__c": {
            "unique": false
          },
          "Freight_Terms__c": {
            "unique": false
          },
          "County__c": {
            "unique": false
          },
          "Business_Unit_Name__c": {
            "unique": false
          }
        },
        "sf_max_daily_api_calls": 30000,
        "access": "read_write",
        "upsert_field": "External_ID__c",
        "applied_at": "2018-07-31T09:15:50.677997Z",
        "sf_polling_seconds": 120,
        "sf_notify_enabled": false,
        "fields": {
          "Do_Not_Display__c": {},
          "State_Province__c": {},
          "Address2__c": {},
          "Attention__c": {},
          "Address1__c": {},
          "BranchId__c": {},
          "Account_Name__c": {},
          "Description__c": {},
          "PostalCode__c": {},
          "Name": {},
          "Country__c": {},
          "Address__c": {},
          "IsDeleted": {},
          "Primary_Address_Flag__c": {},
          "SystemModstamp": {},
          "End_Date__c": {},
          "Shipping_Method__c": {},
          "External_ID__c": {},
          "CreatedDate": {},
          "Account__c": {},
          "Start_Date__c": {},
          "City__c": {},
          "Freight_Terms__c": {},
          "County__c": {},
          "Id": {},
          "Business_Unit_Name__c": {},
          "Full_Address__c": {}
        }
      }
    },
    {
      "object_name": "Answer_NVJ__c",
      "config": {
        "access": "read_only",
        "sf_notify_enabled": false,
        "sf_polling_seconds": 120,
        "sf_max_daily_api_calls": 30000,
        "fields": {
          "Business_Unit__c": {},
          "Size__c": {},
          "Survey_Type__c": {},
          "Answer_Group__c": {},
          "Do_Not_Show__c": {},
          "RecordTypeId": {},
          "Name": {},
          "Answer_Item_Name__c": {},
          "IsDeleted": {},
          "SystemModstamp": {},
          "Manufacturer__c": {},
          "Alternate_Group_Name__c": {},
          "CreatedDate": {},
          "Answer_Group_Name__c": {},
          "Id": {},
          "Answer_Item_Type__c": {}
        },
        "indexes": {
          "SystemModstamp": {
            "unique": false
          },
          "Id": {
            "unique": true
          }
        },
        "applied_at": "2018-08-15T19:22:12.217121Z"
      }
    },
    {
      "object_name": "Answer__c",
      "config": {
        "access": "read_only",
        "sf_notify_enabled": false,
        "sf_polling_seconds": 120,
        "sf_max_daily_api_calls": 30000,
        "fields": {
          "CreatedDate": {},
          "Id": {},
          "IsDeleted": {},
          "Name": {},
          "SystemModstamp": {},
          "Question__c": {},
          "Question_Text__c": {},
          "Answer__c": {}
        },
        "indexes": {
          "Id": {
            "unique": true
          },
          "SystemModstamp": {
            "unique": false
          }
        }
      }
    },
    {
      "object_name": "BranchProcedureSystem__c",
      "config": {
        "access": "read_only",
        "sf_notify_enabled": true,
        "sf_polling_seconds": 120,
        "sf_max_daily_api_calls": 30000,
        "fields": {
          "BranchId__c": {},
          "ProductSubSystemId__c": {},
          "Name": {},
          "Product_Family__c": {},
          "IsDeleted": {},
          "SystemModstamp": {},
          "ProcedureId__c": {},
          "CreatedDate": {},
          "ProductId__c": {},
          "Id": {}
        },
        "indexes": {
          "SystemModstamp": {
            "unique": false
          },
          "Id": {
            "unique": true
          }
        }
      }
    },
    {
      "object_name": "BranchUserPod__c",
      "config": {
        "access": "read_only",
        "sf_notify_enabled": false,
        "sf_polling_seconds": 120,
        "sf_max_daily_api_calls": 30000,
        "fields": {
          "CurrencyIsoCode": {},
          "Branch__c": {},
          "PodId__c": {},
          "Senior_Sales_Rep_ERP__c": {},
          "senior_sales_Rep__c": {},
          "Primary_Team__c": {},
          "Name": {},
          "Sales_Manager_Email__c": {},
          "UserName__c": {},
          "Region__c": {},
          "IsDeleted": {},
          "SystemModstamp": {},
          "CreatedDate": {},
          "Id": {},
          "UserId__c": {}
        },
        "indexes": {
          "SystemModstamp": {
            "unique": false
          },
          "Id": {
            "unique": true
          }
        },
        "applied_at": "2018-05-21T19:58:18.329468Z"
      }
    },
    {
      "object_name": "Branch_Inv_Location__c",
      "config": {
        "access": "read_only",
        "sf_notify_enabled": false,
        "sf_polling_seconds": 600,
        "sf_max_daily_api_calls": 30000,
        "fields": {
          "CreatedDate": {},
          "Id": {},
          "IsDeleted": {},
          "Name": {},
          "SystemModstamp": {},
          "InvLocationId__c": {},
          "BranchId__c": {}
        },
        "indexes": {
          "Id": {
            "unique": true
          },
          "SystemModstamp": {
            "unique": false
          }
        },
        "applied_at": "2018-06-13T10:56:23.750889Z"
      }
    },
    {
      "object_name": "Branch_User_Hospital__c",
      "config": {
        "indexes": {
          "SystemModstamp": {
            "unique": false
          },
          "External_ID__c": {
            "unique": true
          },
          "Id": {
            "unique": true
          },
          "Operating_Unit__c": {
            "unique": false
          },
          "Hospital_Id__c": {
            "unique": false
          },
          "Contact_ID__c": {
            "unique": false
          },
          "Branch_Id__c": {
            "unique": false
          },
          "Name": {
            "unique": false
          },
          "IsDeleted": {
            "unique": false
          },
          "IsActive__c": {
            "unique": false
          },
          "User_Id__c": {
            "unique": false
          },
          "CreatedDate": {
            "unique": false
          },
          "Marketing_Division__c": {
            "unique": false
          }
        },
        "sf_max_daily_api_calls": 30000,
        "access": "read_write",
        "upsert_field": "External_ID__c",
        "applied_at": "2018-07-31T09:15:50.992126Z",
        "sf_polling_seconds": 120,
        "sf_notify_enabled": true,
        "fields": {
          "Operating_Unit__c": {},
          "Hospital_Id__c": {},
          "Contact_ID__c": {},
          "Branch_Id__c": {},
          "Name": {},
          "IsDeleted": {},
          "SystemModstamp": {},
          "IsActive__c": {},
          "User_Id__c": {},
          "External_ID__c": {},
          "CreatedDate": {},
          "Id": {},
          "Marketing_Division__c": {}
        }
      }
    },
    {
      "object_name": "Branch__c",
      "config": {
        "access": "read_only",
        "sf_notify_enabled": true,
        "sf_polling_seconds": 120,
        "sf_max_daily_api_calls": 30000,
        "fields": {
          "Street__c": {},
          "Zip__c": {},
          "Branch_id__c": {},
          "Region_Code__c": {},
          "Name": {},
          "Country__c": {},
          "Region_Name__c": {},
          "Address__c": {},
          "Address_ERP_Code__c": {},
          "IsDeleted": {},
          "SystemModstamp": {},
          "State__c": {},
          "IsActive__c": {},
          "Street2__c": {},
          "CreatedDate": {},
          "City__c": {},
          "Id": {}
        },
        "indexes": {
          "Branch_id__c": {
            "unique": true
          },
          "SystemModstamp": {
            "unique": false
          },
          "Id": {
            "unique": true
          },
          "Street__c": {
            "unique": false
          },
          "Zip__c": {
            "unique": false
          },
          "Region_Code__c": {
            "unique": false
          },
          "Name": {
            "unique": false
          },
          "Country__c": {
            "unique": false
          },
          "Region_Name__c": {
            "unique": false
          },
          "Address__c": {
            "unique": false
          },
          "Address_ERP_Code__c": {
            "unique": false
          },
          "State__c": {
            "unique": false
          },
          "IsActive__c": {
            "unique": false
          },
          "Street2__c": {
            "unique": false
          },
          "CreatedDate": {
            "unique": false
          },
          "City__c": {
            "unique": false
          }
        },
        "applied_at": "2018-07-31T09:15:50.870901Z"
      }
    },
    {
      "object_name": "CasesUsage__c",
      "config": {
        "indexes": {
          "Product__c": {
            "unique": false
          },
          "Surgical_Cases__c": {
            "unique": false
          },
          "ARO_Ship_To__c": {
            "unique": false
          },
          "SystemModstamp": {
            "unique": false
          },
          "External_ID__c": {
            "unique": true
          },
          "Id": {
            "unique": true
          }
        },
        "sf_max_daily_api_calls": 30000,
        "access": "read_write",
        "upsert_field": "External_ID__c",
        "applied_at": "2018-07-31T09:15:51.432119Z",
        "sf_polling_seconds": 120,
        "sf_notify_enabled": true,
        "fields": {
          "Inventory_Product_System__c": {},
          "CurrencyIsoCode": {},
          "Price_Override__c": {},
          "Product__r__Inventory_Item_ID__c": {},
          "Surgical_Cases__c": {},
          "InvProductComponent__c": {},
          "CSR_Price_Override__c": {},
          "Ship_To__c": {},
          "Product_Sub_System__c": {},
          "Order_Product__c": {},
          "ARO_Ship_To__c": {},
          "Loaner__c": {},
          "Surgical_Cases__r__External_Id__c": {},
          "Lot_Controlled__c": {},
          "Contract_Price__c": {},
          "Expiry_Date__c": {},
          "ARO_Ship_To__r__External_ID__c": {},
          "CSR_Contract_Price__c": {},
          "PriceListContract__c": {},
          "Name": {},
          "Lot_Number__c": {},
          "Side__c": {},
          "Override_Price__c": {},
          "Serial_Number__c": {},
          "PriceListHeader__c": {},
          "IsDeleted": {},
          "CSR_Override_Price__c": {},
          "Usg_Price__c": {},
          "Procedure__c": {},
          "SystemModstamp": {},
          "Contract__c": {},
          "Status__c": {},
          "Do_Not_Bill_Replen__c": {},
          "External_ID__c": {},
          "Product__c": {},
          "CSR_Contract__c": {},
          "CSR_Usage_Price__c": {},
          "CreatedDate": {},
          "Used_From__c": {},
          "Ortho_Priority__c": {},
          "ARO_Consolidation__c": {},
          "Quantity__c": {},
          "ARO_Reference__c": {},
          "Usg_Total_Amount__c": {},
          "WastedS__c": {},
          "Id": {},
          "Replenish__c": {},
          "Priority__c": {},
          "Unit_Number__c": {}
        }
      }
    },
    {
      "object_name": "Cases__c",
      "config": {
        "indexes": {
          "LastModifiedDate": {
            "unique": false
          },
          "SystemModstamp": {
            "unique": false
          },
          "Ship_ToAddress__c": {
            "unique": false
          },
          "External_Id__c": {
            "unique": true
          },
          "Id": {
            "unique": true
          },
          "Hospital_Printed_Name__c": {
            "unique": false
          },
          "Order_Status__c": {
            "unique": false
          },
          "KitDelivery_Date__c": {
            "unique": false
          },
          "Email_Sent_to_Csr__c": {
            "unique": false
          },
          "Hospital_No_Number__c": {
            "unique": false
          },
          "Sales_Rep_Division__c": {
            "unique": false
          },
          "PO_No__c": {
            "unique": false
          },
          "isRequestedKits__c": {
            "unique": false
          },
          "Total_Cap_Price__c": {
            "unique": false
          },
          "QQ_Override_Flag__c": {
            "unique": false
          },
          "Submit_Usage_DateTime__c": {
            "unique": false
          },
          "Rep_Printed_Name__c": {
            "unique": false
          },
          "Invoice_Date__c": {
            "unique": false
          },
          "PO_Uploaded__c": {
            "unique": false
          },
          "Shipping_Date__c": {
            "unique": false
          },
          "Loaner_Assignment_Count__c": {
            "unique": false
          },
          "Order_Date__c": {
            "unique": false
          },
          "Requested_Date__c": {
            "unique": false
          },
          "Consignment_Assignment_Count__c": {
            "unique": false
          },
          "Ship_To__c": {
            "unique": false
          },
          "BranchId__c": {
            "unique": false
          },
          "Add_On__c": {
            "unique": false
          },
          "ARO_Ship_To__c": {
            "unique": false
          },
          "QuickQuote_Code__c": {
            "unique": false
          },
          "Cap_Price__c": {
            "unique": false
          },
          "Right__c": {
            "unique": false
          },
          "Kit_Delivery_Date_Text__c": {
            "unique": false
          },
          "Patient_Gender__c": {
            "unique": false
          },
          "Scheduler__c": {
            "unique": false
          },
          "Surgery_End_Time__c": {
            "unique": false
          },
          "Surgery_Date_Val__c": {
            "unique": false
          },
          "Cancel_Comment__c": {
            "unique": false
          },
          "Order_Created_Status__c": {
            "unique": false
          },
          "Surgery_Date__c": {
            "unique": false
          },
          "Revisions__c": {
            "unique": false
          },
          "Inventory_Location__c": {
            "unique": false
          },
          "Name": {
            "unique": false
          },
          "Mako__c": {
            "unique": false
          },
          "Surgery_Time__c": {
            "unique": false
          },
          "Surgery_Start_Date_Time__c": {
            "unique": false
          },
          "Case_Coverage__c": {
            "unique": false
          },
          "Surgeon_No_Name__c": {
            "unique": false
          },
          "Surgical_Case_Name__c": {
            "unique": false
          },
          "Hospital_StaffId__c": {
            "unique": false
          },
          "Status_Color__c": {
            "unique": false
          },
          "Billing_ToAddress__c": {
            "unique": false
          },
          "Is_Hospital_Owned__c": {
            "unique": false
          },
          "Surgery_Start_Date__c": {
            "unique": false
          },
          "Surgery_Time_Text__c": {
            "unique": false
          },
          "HospitalId__c": {
            "unique": false
          },
          "Region__c": {
            "unique": false
          },
          "Surgery_Date_Time__c": {
            "unique": false
          },
          "Duration__c": {
            "unique": false
          },
          "Surgery_Date_Text__c": {
            "unique": false
          },
          "IsDeleted": {
            "unique": false
          },
          "Ship_ToAddress__r__External_ID__c": {
            "unique": false
          },
          "Delivery_Options__c": {
            "unique": false
          },
          "Invoice_No__c": {
            "unique": false
          },
          "LastModifiedById": {
            "unique": false
          },
          "Usage_Comments__c": {
            "unique": false
          },
          "Order_No__c": {
            "unique": false
          },
          "Status__c": {
            "unique": false
          },
          "Surgery_End_Time_Text__c": {
            "unique": false
          },
          "Other_Address_Box__c": {
            "unique": false
          },
          "Hospital_Name__c": {
            "unique": false
          },
          "Surgery_End_Date_Time__c": {
            "unique": false
          },
          "Physician_Assitant__c": {
            "unique": false
          },
          "Hospital_City__c": {
            "unique": false
          },
          "Surgery_End_Date_Text__c": {
            "unique": false
          },
          "Usage_FinalAmount__c": {
            "unique": false
          },
          "Assigned_To_CSR__c": {
            "unique": false
          },
          "PO_Generated__c": {
            "unique": false
          },
          "Hospital_Address__c": {
            "unique": false
          },
          "Return_Date_Text__c": {
            "unique": false
          },
          "Patient_Date_of_Birth__c": {
            "unique": false
          },
          "ProcedureId__c": {
            "unique": false
          },
          "Division__c": {
            "unique": false
          },
          "CreatedDate": {
            "unique": false
          },
          "Shipping_Date_Text__c": {
            "unique": false
          },
          "Callout_Result__c": {
            "unique": false
          },
          "Hospital_State__c": {
            "unique": false
          },
          "Surgeon_First_Name__c": {
            "unique": false
          },
          "Hospital_Affiliation__c": {
            "unique": false
          },
          "Surgery_Method__c": {
            "unique": false
          },
          "UsgReject_Comments__c": {
            "unique": false
          },
          "Order_Type__c": {
            "unique": false
          },
          "Surgeon_Credentials__c": {
            "unique": false
          },
          "ARO_Reference__c": {
            "unique": false
          },
          "Covering_Reps__c": {
            "unique": false
          },
          "Branch_Text__c": {
            "unique": false
          },
          "Usage_Override__c": {
            "unique": false
          },
          "Cancel_Reason__c": {
            "unique": false
          },
          "Order_Amount__c": {
            "unique": false
          },
          "CreatedById": {
            "unique": false
          },
          "SubmitUsage__c": {
            "unique": false
          },
          "Patient_Info__c": {
            "unique": false
          },
          "Special_Instruction__c": {
            "unique": false
          },
          "ASC_Hospital__c": {
            "unique": false
          },
          "External_Comments__c": {
            "unique": false
          },
          "OrderType__c": {
            "unique": false
          },
          "ERP_Order_Type__c": {
            "unique": false
          },
          "QuickQuote_Rationale__c": {
            "unique": false
          },
          "Left__c": {
            "unique": false
          },
          "Community_Case__c": {
            "unique": false
          },
          "Pod__c": {
            "unique": false
          },
          "Surgery_Date_Sort__c": {
            "unique": false
          },
          "Other_Address__c": {
            "unique": false
          },
          "Kit_Assigner__c": {
            "unique": false
          },
          "Patient_Age__c": {
            "unique": false
          },
          "Size_c__c": {
            "unique": false
          },
          "UrgentReplenish__c": {
            "unique": false
          }
        },
        "sf_max_daily_api_calls": 30000,
        "access": "read_write",
        "upsert_field": "External_Id__c",
        "applied_at": "2018-08-23T10:28:09.270133Z",
        "sf_polling_seconds": 120,
        "sf_notify_enabled": true,
        "fields": {
          "Hospital_Printed_Name__c": {},
          "Order_Status__c": {},
          "KitDelivery_Date__c": {},
          "Email_Sent_to_Csr__c": {},
          "Hospital_No_Number__c": {},
          "Sales_Rep_Division__c": {},
          "Surgeon_Last_Name__c": {},
          "Signature_Source__c": {},
          "PO_No__c": {},
          "isRequestedKits__c": {},
          "Total_Cap_Price__c": {},
          "QQ_Override_Flag__c": {},
          "Submit_Usage_DateTime__c": {},
          "Rep_Printed_Name__c": {},
          "Invoice_Date__c": {},
          "PO_Uploaded__c": {},
          "Shipping_Date__c": {},
          "Loaner_Assignment_Count__c": {},
          "Order_Date__c": {},
          "Requested_Date__c": {},
          "Consignment_Assignment_Count__c": {},
          "Ship_To__c": {},
          "BranchId__c": {},
          "Add_On__c": {},
          "ARO_Ship_To__c": {},
          "QuickQuote_Code__c": {},
          "Cap_Price__c": {},
          "Right__c": {},
          "Kit_Delivery_Date_Text__c": {},
          "Patient_Gender__c": {},
          "Scheduler__c": {},
          "Surgery_End_Time__c": {},
          "Surgery_Date_Val__c": {},
          "Cancel_Comment__c": {},
          "Order_Created_Status__c": {},
          "Surgery_Date__c": {},
          "Revisions__c": {},
          "Inventory_Location__c": {},
          "Name": {},
          "Mako__c": {},
          "Surgery_Time__c": {},
          "Surgery_Start_Date_Time__c": {},
          "Case_Coverage__c": {},
          "Surgeon_No_Name__c": {},
          "Surgical_Case_Name__c": {},
          "Hospital_StaffId__c": {},
          "Ship_ToAddress__c": {},
          "Status_Color__c": {},
          "LastModifiedDate": {},
          "Billing_ToAddress__c": {},
          "Is_Hospital_Owned__c": {},
          "Surgery_Start_Date__c": {},
          "Surgery_Time_Text__c": {},
          "HospitalId__c": {},
          "Region__c": {},
          "Surgery_Date_Time__c": {},
          "Duration__c": {},
          "Surgery_Date_Text__c": {},
          "IsDeleted": {},
          "SystemModstamp": {},
          "Ship_ToAddress__r__External_ID__c": {},
          "Delivery_Options__c": {},
          "Invoice_No__c": {},
          "LastModifiedById": {},
          "Usage_Comments__c": {},
          "Order_No__c": {},
          "Status__c": {},
          "Surgery_End_Time_Text__c": {},
          "Other_Address_Box__c": {},
          "Hospital_Name__c": {},
          "Surgery_End_Date_Time__c": {},
          "Physician_Assitant__c": {},
          "Hospital_City__c": {},
          "Surgery_End_Date_Text__c": {},
          "Usage_FinalAmount__c": {},
          "External_Id__c": {},
          "Assigned_To_CSR__c": {},
          "PO_Generated__c": {},
          "Hospital_Address__c": {},
          "Return_Date_Text__c": {},
          "Patient_Date_of_Birth__c": {},
          "ProcedureId__c": {},
          "Division__c": {},
          "CreatedDate": {},
          "Shipping_Date_Text__c": {},
          "Callout_Result__c": {},
          "Hospital_State__c": {},
          "Surgeon_First_Name__c": {},
          "Hospital_Affiliation__c": {},
          "Surgery_Method__c": {},
          "UsgReject_Comments__c": {},
          "Order_Type__c": {},
          "Surgeon_Credentials__c": {},
          "ARO_Reference__c": {},
          "Covering_Reps__c": {},
          "Branch_Text__c": {},
          "Usage_Override__c": {},
          "Cancel_Reason__c": {},
          "Order_Amount__c": {},
          "CreatedById": {},
          "Favourite__c": {},
          "SubmitUsage__c": {},
          "Id": {},
          "Patient_Info__c": {},
          "Special_Instruction__c": {},
          "ASC_Hospital__c": {},
          "External_Comments__c": {},
          "OrderType__c": {},
          "ERP_Order_Type__c": {},
          "QuickQuote_Rationale__c": {},
          "Left__c": {},
          "Community_Case__c": {},
          "Pod__c": {},
          "Surgery_Date_Sort__c": {},
          "Other_Address__c": {},
          "Kit_Assigner__c": {},
          "Patient_Age__c": {},
          "Size_c__c": {},
          "UrgentReplenish__c": {}
        }
      }
    },
    {
      "object_name": "Contact",
      "config": {
        "access": "read_only",
        "sf_notify_enabled": true,
        "sf_polling_seconds": 120,
        "sf_max_daily_api_calls": 30000,
        "fields": {
          "LastName": {},
          "MailingPostalCode": {},
          "MailingLongitude": {},
          "MailingState": {},
          "RecordTypeId": {},
          "National_Physician_Identifier_Number__c": {},
          "AccountId": {},
          "Full_Name__c": {},
          "Surgeon_ERP_Code__c": {},
          "Account_Number__c": {},
          "Enterprise_Id__c": {},
          "MailingCountry": {},
          "Name": {},
          "Surgeon_No_Name__c": {},
          "NV_Doctor__c": {},
          "Resource_Num__c": {},
          "MailingStreet": {},
          "Medical_License_Number__c": {},
          "IsDeleted": {},
          "SystemModstamp": {},
          "Status__c": {},
          "Department__c": {},
          "Sales_Rep_ID__c": {},
          "Nickname__c": {},
          "CreatedDate": {},
          "MailingCity": {},
          "Account__c": {},
          "MailingLatitude": {},
          "Resource_ID__c": {},
          "Sales_Rep__c": {},
          "Id": {},
          "FirstName": {},
          "Email": {}
        },
        "indexes": {
          "Enterprise_Id__c": {
            "unique": true
          },
          "SystemModstamp": {
            "unique": false
          },
          "Id": {
            "unique": true
          },
          "LastName": {
            "unique": false
          },
          "RecordTypeId": {
            "unique": false
          },
          "National_Physician_Identifier_Number__c": {
            "unique": false
          },
          "AccountId": {
            "unique": false
          },
          "Full_Name__c": {
            "unique": false
          },
          "Account_Number__c": {
            "unique": false
          },
          "Name": {
            "unique": false
          },
          "Surgeon_No_Name__c": {
            "unique": false
          },
          "NV_Doctor__c": {
            "unique": false
          },
          "Resource_Num__c": {
            "unique": false
          },
          "Medical_License_Number__c": {
            "unique": false
          },
          "Status__c": {
            "unique": false
          },
          "Department__c": {
            "unique": false
          },
          "Sales_Rep_ID__c": {
            "unique": false
          },
          "Nickname__c": {
            "unique": false
          },
          "CreatedDate": {
            "unique": false
          },
          "Account__c": {
            "unique": false
          },
          "Resource_ID__c": {
            "unique": false
          },
          "Sales_Rep__c": {
            "unique": false
          },
          "FirstName": {
            "unique": false
          },
          "Email": {
            "unique": false
          }
        },
        "applied_at": "2018-08-23T07:40:08.975083Z"
      }
    },
    {
      "object_name": "Contract",
      "config": {
        "access": "read_only",
        "sf_notify_enabled": false,
        "sf_polling_seconds": 600,
        "sf_max_daily_api_calls": 30000,
        "fields": {
          "Contract_End_Date__c": {},
          "AccountId": {},
          "EndDate": {},
          "Contract_Start_Date__c": {},
          "Name": {},
          "PriceList_Header_ID__c": {},
          "Comments__c": {},
          "IsDeleted": {},
          "SystemModstamp": {},
          "StartDate": {},
          "Status": {},
          "CreatedDate": {},
          "Id": {},
          "ContractNumber": {},
          "Description": {}
        },
        "indexes": {
          "SystemModstamp": {
            "unique": false
          },
          "Id": {
            "unique": true
          }
        },
        "applied_at": "2018-08-10T09:21:25.966935Z"
      }
    },
    {
      "object_name": "Custom_Account_Team__c",
      "config": {
        "access": "read_only",
        "sf_notify_enabled": false,
        "sf_polling_seconds": 120,
        "sf_max_daily_api_calls": 30000,
        "fields": {
          "Business_Unit__c": {},
          "Contact__c": {},
          "External_Integration_Id__c": {},
          "Team_Member_Role__c": {},
          "IsPrimary__c": {},
          "Name": {},
          "Title__c": {},
          "Username__c": {},
          "IsDeleted": {},
          "SystemModstamp": {},
          "Status__c": {},
          "IsDeleted__c": {},
          "Product_Group__c": {},
          "Phone__c": {},
          "CreatedDate": {},
          "Account__c": {},
          "User__c": {},
          "Id": {},
          "Business_Unit_Name__c": {}
        },
        "indexes": {
          "External_Integration_Id__c": {
            "unique": true
          },
          "SystemModstamp": {
            "unique": false
          },
          "Id": {
            "unique": true
          },
          "User__c": {
            "unique": false
          },
          "Account__c": {
            "unique": false
          }
        },
        "applied_at": "2018-07-31T09:15:51.639474Z"
      }
    },
    {
      "object_name": "InvLocation__c",
      "config": {
        "access": "read_only",
        "sf_notify_enabled": true,
        "sf_polling_seconds": 120,
        "sf_max_daily_api_calls": 30000,
        "fields": {
          "BranchId__c": {},
          "Account_Name__c": {},
          "Oracle_Sub_Inventory_Location__c": {},
          "Name": {},
          "IsDeleted": {},
          "SystemModstamp": {},
          "Sales_Team__c": {},
          "CreatedDate": {},
          "Branch_Name__c": {},
          "Id": {},
          "AccountId__c": {},
          "UserId__c": {},
          "Reg_National_Branch__c": {}
        },
        "indexes": {
          "SystemModstamp": {
            "unique": false
          },
          "Id": {
            "unique": true
          }
        }
      }
    },
    {
      "object_name": "InvProductComponent__c",
      "config": {
        "access": "read_only",
        "sf_notify_enabled": false,
        "sf_polling_seconds": 120,
        "sf_max_daily_api_calls": 30000,
        "fields": {
          "Product_Desc__c": {},
          "ItemCode__c": {},
          "Expiration_Date__c": {},
          "Order_Product__c": {},
          "Lot_Controlled__c": {},
          "LastViewedDate": {},
          "Quantity_N__c": {},
          "Complete__c": {},
          "Name": {},
          "Lot_Number__c": {},
          "Product_Active__c": {},
          "Adjust_PAR_Level__c": {},
          "Product_Family__c": {},
          "IsDeleted": {},
          "SystemModstamp": {},
          "TotalQty__c": {},
          "Product__c": {},
          "CreatedDate": {},
          "Expiring_Days_Left__c": {},
          "Quantity__c": {},
          "Id": {},
          "IPSId__c": {},
          "ProductSubSysCompId__c": {},
          "Total_Quantity__c": {},
          "Expired__c": {}
        },
        "indexes": {
          "SystemModstamp": {
            "unique": false
          },
          "Id": {
            "unique": true
          }
        }
      }
    },
    {
      "object_name": "Inventory_Product_System__c",
      "config": {
        "access": "read_only",
        "sf_notify_enabled": true,
        "sf_polling_seconds": 120,
        "sf_max_daily_api_calls": 30000,
        "fields": {
          "Loaner_No__c": {},
          "Inventory_Location_Id__c": {},
          "Add_Parts__c": {},
          "Cycle_Counted_By__c": {},
          "Sales_Rep_Name__c": {},
          "Surgical_Cases__c": {},
          "Category__c": {},
          "Sub_Inventory__c": {},
          "Return_Date__c": {},
          "Surgical_Cases__r__External_Id__c": {},
          "Consigned_TO__c": {},
          "Product_System_Id__c": {},
          "Type__c": {},
          "Surgical_Case_Date__c": {},
          "Complete__c": {},
          "Transfer_from_Inventory_Location__c": {},
          "Set_Name_No__c": {},
          "Surgery_date__c": {},
          "Case_Number__c": {},
          "Name": {},
          "Cycle_Count_Date__c": {},
          "isNew__c": {},
          "ProSubSysId__c": {},
          "Set_Filter__c": {},
          "Region__c": {},
          "Comments__c": {},
          "IsDeleted": {},
          "SystemModstamp": {},
          "Backstock_Set__c": {},
          "Status__c": {},
          "TransferEmail__c": {},
          "Cycle_Count_Verified__c": {},
          "Ship_Date__c": {},
          "Alias__c": {},
          "Hospital_Name__c": {},
          "Reference_Id__c": {},
          "Backstock__c": {},
          "Rep_Name__c": {},
          "CreatedDate": {},
          "Inactive__c": {},
          "Associated_Org__c": {},
          "Assign_To__c": {},
          "Sub_Inventory_Account__c": {},
          "Quantity__c": {},
          "Kit_No__c": {},
          "Case_Associated_Regionals__c": {},
          "Tracking_No__c": {},
          "Requested_by__c": {},
          "Transfer_to_Inventory_Location__c": {},
          "Id": {},
          "CycleCounted__c": {},
          "Kit_DB__c": {},
          "Booking_No__c": {},
          "Set_Name_Formatted__c": {},
          "OriginatingBrnchInvLocId__c": {}
        },
        "indexes": {
          "Surgical_Cases__c": {
            "unique": false
          },
          "SystemModstamp": {
            "unique": false
          },
          "Id": {
            "unique": true
          }
        },
        "applied_at": "2018-06-19T19:23:49.503951Z"
      }
    },
    {
      "object_name": "Oracle_Sub_Inventory__c",
      "config": {
        "access": "read_only",
        "sf_notify_enabled": true,
        "sf_polling_seconds": 120,
        "sf_max_daily_api_calls": 30000,
        "fields": {
          "CreatedDate": {},
          "Id": {},
          "IsDeleted": {},
          "Name": {},
          "SystemModstamp": {},
          "CurrencyIsoCode": {}
        },
        "indexes": {
          "Id": {
            "unique": true
          },
          "SystemModstamp": {
            "unique": false
          }
        }
      }
    },
    {
      "object_name": "Order",
      "config": {
        "access": "read_only",
        "sf_notify_enabled": false,
        "sf_polling_seconds": 600,
        "sf_max_daily_api_calls": 30000,
        "fields": {
          "Order_Number_Oracle__c": {},
          "ARO_Order_Date__c": {},
          "Orreno_Amount__c": {},
          "Invoice_Date__c": {},
          "Surgical_Cases__c": {},
          "Invoice_Number__c": {},
          "PoNumber": {},
          "Salesrep_Name__c": {},
          "Name": {},
          "PoDate": {},
          "Pro_Care_Amount__c": {},
          "Order_Booked_Date__c": {},
          "IsDeleted": {},
          "SystemModstamp": {},
          "ARO_Status__c": {},
          "Submitted_Date__c": {},
          "Tables_Amount__c": {},
          "Status": {},
          "Integration_Services_Amount__c": {},
          "CreatedDate": {},
          "OrderNumber": {},
          "Boom_Amount__c": {},
          "Oracle_Order_Type__c": {},
          "Oris_Amount__c": {},
          "ARO_Number__c": {},
          "Type": {},
          "Id": {},
          "TotalAmount": {},
          "Other_Amount__c": {},
          "Lighting_Systems_Amount__c": {}
        },
        "indexes": {
          "SystemModstamp": {
            "unique": false
          },
          "Id": {
            "unique": true
          }
        },
        "applied_at": "2018-09-03T08:55:47.459395Z"
      }
    },
    {
      "object_name": "OrderItem",
      "config": {
        "access": "read_only",
        "sf_notify_enabled": false,
        "sf_polling_seconds": 600,
        "sf_max_daily_api_calls": 30000,
        "fields": {
          "BackOrder_Quantity__c": {},
          "Quantity_Shipped__c": {},
          "TotalPrice": {},
          "ARO_Ship_To__c": {},
          "OrderId": {},
          "Part_Number__c": {},
          "IsDeleted": {},
          "SystemModstamp": {},
          "ARO_Status__c": {},
          "Status__c": {},
          "CreatedDate": {},
          "Id": {},
          "ARO_Shipment_Method__c": {}
        },
        "indexes": {
          "SystemModstamp": {
            "unique": false
          },
          "Id": {
            "unique": true
          }
        }
      }
    },
    {
      "object_name": "Order__c",
      "config": {
        "access": "read_only",
        "sf_notify_enabled": true,
        "sf_polling_seconds": 120,
        "sf_max_daily_api_calls": 30000,
        "fields": {
          "Order_Status__c": {},
          "CurrencyIsoCode": {},
          "Days_Delinquent__c": {},
          "Total_Order_Amt__c": {},
          "Oracle_Order_Number__c": {},
          "Account_Number__c": {},
          "Delinquency_Num__c": {},
          "Name": {},
          "IsDeleted": {},
          "SystemModstamp": {},
          "Delinquency__c": {},
          "Ship_To_Address__c": {},
          "Shipping_Method__c": {},
          "Loaner_Delinquency__c": {},
          "Order_Contact__c": {},
          "Created_By__c": {},
          "Order_Sched_Release__c": {},
          "Payment_Terms__c": {},
          "CreatedDate": {},
          "Account__c": {},
          "Order_Entry_Date__c": {},
          "Order_Type__c": {},
          "PO_Number__c": {},
          "Id": {},
          "RMA__c": {},
          "Credit_Hold__c": {}
        },
        "indexes": {
          "SystemModstamp": {
            "unique": false
          },
          "Id": {
            "unique": true
          }
        }
      }
    },
    {
      "object_name": "PermissionSet",
      "config": {
        "access": "read_only",
        "sf_notify_enabled": false,
        "sf_polling_seconds": 120,
        "sf_max_daily_api_calls": 30000,
        "fields": {
          "CreatedDate": {},
          "Id": {},
          "Name": {},
          "SystemModstamp": {},
          "IsCustom": {}
        },
        "indexes": {
          "Id": {
            "unique": true
          },
          "SystemModstamp": {
            "unique": false
          }
        }
      }
    },
    {
      "object_name": "PermissionSetAssignment",
      "config": {
        "access": "read_only",
        "sf_notify_enabled": false,
        "sf_polling_seconds": 120,
        "sf_max_daily_api_calls": 30000,
        "fields": {
          "Id": {},
          "SystemModstamp": {},
          "AssigneeId": {},
          "PermissionSetId": {}
        },
        "indexes": {
          "Id": {
            "unique": true
          },
          "SystemModstamp": {
            "unique": false
          }
        }
      }
    },
    {
      "object_name": "Pod__c",
      "config": {
        "access": "read_only",
        "sf_notify_enabled": false,
        "sf_polling_seconds": 600,
        "sf_max_daily_api_calls": 30000,
        "fields": {
          "BranchId__c": {},
          "Name": {},
          "IsDeleted": {},
          "SystemModstamp": {},
          "Division__c": {},
          "CreatedDate": {},
          "Inventory_Location_2__c": {},
          "Inventory_Location_1__c": {},
          "CreatedById": {},
          "Id": {}
        },
        "indexes": {
          "SystemModstamp": {
            "unique": false
          },
          "Id": {
            "unique": true
          }
        },
        "applied_at": "2018-06-06T19:29:42.996558Z"
      }
    },
    {
      "object_name": "Preference_Detail__c",
      "config": {
        "indexes": {
          "SystemModstamp": {
            "unique": false
          },
          "External_ID__c": {
            "unique": true
          },
          "Surgeon_Preference__c": {
            "unique": false
          },
          "Id": {
            "unique": true
          }
        },
        "sf_max_daily_api_calls": 30000,
        "access": "read_write",
        "upsert_field": "External_ID__c",
        "applied_at": "2018-08-08T05:47:16.650377Z",
        "sf_polling_seconds": 600,
        "sf_notify_enabled": false,
        "fields": {
          "Product_System__c": {},
          "Name": {},
          "IsDeleted": {},
          "SystemModstamp": {},
          "External_ID__c": {},
          "Surgeon_Preference__c": {},
          "CreatedDate": {},
          "Surgeon_Preference__r__External_ID__c": {},
          "ProductId__c": {},
          "Id": {},
          "IPSId__c": {},
          "isLoaner__c": {}
        }
      }
    },
    {
      "object_name": "Pricebook2",
      "config": {
        "access": "read_only",
        "sf_notify_enabled": false,
        "sf_polling_seconds": 120,
        "sf_max_daily_api_calls": 30000,
        "fields": {
          "Name": {},
          "IsArchived": {},
          "IsDeleted": {},
          "IsActive": {},
          "SystemModstamp": {},
          "Division__c": {},
          "CreatedDate": {},
          "Id": {},
          "Description": {}
        },
        "indexes": {
          "SystemModstamp": {
            "unique": false
          },
          "Id": {
            "unique": true
          }
        }
      }
    },
    {
      "object_name": "PricebookEntry",
      "config": {
        "access": "read_only",
        "sf_notify_enabled": false,
        "sf_polling_seconds": 600,
        "sf_max_daily_api_calls": 30000,
        "fields": {
          "CreatedDate": {},
          "Id": {},
          "IsDeleted": {},
          "Name": {},
          "SystemModstamp": {},
          "Unit_of_Measurement__c": {},
          "Product2Id": {},
          "Pricebook2Id": {}
        },
        "indexes": {
          "Id": {
            "unique": true
          },
          "SystemModstamp": {
            "unique": false
          }
        },
        "applied_at": "2018-08-13T11:06:14.141575Z"
      }
    },
    {
      "object_name": "Procedure_Category__c",
      "config": {
        "access": "read_only",
        "sf_notify_enabled": false,
        "sf_polling_seconds": 600,
        "sf_max_daily_api_calls": 30000,
        "fields": {
          "CreatedDate": {},
          "Id": {},
          "IsDeleted": {},
          "Name": {},
          "SystemModstamp": {},
          "External_Id__c": {},
          "Procedure__c": {}
        },
        "indexes": {
          "Id": {
            "unique": true
          },
          "SystemModstamp": {
            "unique": false
          }
        }
      }
    },
    {
      "object_name": "Procedure__c",
      "config": {
        "access": "read_only",
        "sf_notify_enabled": true,
        "sf_polling_seconds": 120,
        "sf_max_daily_api_calls": 30000,
        "fields": {
          "Is_Sterile__c": {},
          "Is_Left__c": {},
          "Description__c": {},
          "Is_Bilateral__c": {},
          "Name": {},
          "Procedure_Name__c": {},
          "IsDeleted": {},
          "SystemModstamp": {},
          "IsActive__c": {},
          "External_ID__c": {},
          "Division__c": {},
          "CreatedDate": {},
          "Procedure_Category__c": {},
          "Id": {},
          "Is_Right__c": {},
          "Procedure_Type__c": {}
        },
        "indexes": {
          "SystemModstamp": {
            "unique": false
          },
          "External_ID__c": {
            "unique": true
          },
          "Id": {
            "unique": true
          },
          "Is_Sterile__c": {
            "unique": false
          },
          "Is_Left__c": {
            "unique": false
          },
          "Description__c": {
            "unique": false
          },
          "Is_Bilateral__c": {
            "unique": false
          },
          "Name": {
            "unique": false
          },
          "Procedure_Name__c": {
            "unique": false
          },
          "IsDeleted": {
            "unique": false
          },
          "IsActive__c": {
            "unique": false
          },
          "Division__c": {
            "unique": false
          },
          "CreatedDate": {
            "unique": false
          },
          "Procedure_Category__c": {
            "unique": false
          },
          "Is_Right__c": {
            "unique": false
          },
          "Procedure_Type__c": {
            "unique": false
          }
        },
        "applied_at": "2018-07-31T09:15:52.255877Z"
      }
    },
    {
      "object_name": "Product2",
      "config": {
        "access": "read_only",
        "sf_notify_enabled": false,
        "sf_polling_seconds": 120,
        "sf_max_daily_api_calls": 30000,
        "fields": {
          "Brand_Name__c": {},
          "Product_Status__c": {},
          "Product_Division__c": {},
          "RecordTypeId": {},
          "Level_7__c": {},
          "Description__c": {},
          "Level_6__c": {},
          "Product_Name__c": {},
          "PartSearch__c": {},
          "Level_5__c": {},
          "Locale__c": {},
          "Long_Description__c": {},
          "Level_4__c": {},
          "Name": {},
          "Level_3__c": {},
          "Level_2__c": {},
          "JP_Product__c": {},
          "Level_1__c": {},
          "IsDeleted": {},
          "IsActive": {},
          "SystemModstamp": {},
          "Manufacturer__c": {},
          "Inventory_Item_ID_plain__c": {},
          "Product_Group__c": {},
          "Catalog_Number__c": {},
          "CreatedDate": {},
          "Lot_Serial_Control_Code__c": {},
          "Product_Type__c": {},
          "Id": {},
          "Is_Obsolete_in_US__c": {},
          "Brand__c": {},
          "Description": {},
          "Inventory_Item_ID__c": {}
        },
        "indexes": {
          "SystemModstamp": {
            "unique": false
          },
          "Id": {
            "unique": true
          },
          "Inventory_Item_ID__c": {
            "unique": true
          }
        },
        "applied_at": "2018-07-31T09:15:52.329266Z"
      }
    },
    {
      "object_name": "ProductSubSystemComponents__c",
      "config": {
        "access": "read_only",
        "sf_notify_enabled": true,
        "sf_polling_seconds": 120,
        "sf_max_daily_api_calls": 30000,
        "fields": {
          "Description__c": {},
          "ProductSubSystemId__c": {},
          "ProductSystemId__c": {},
          "Name": {},
          "Description1__c": {},
          "Part_Number__c": {},
          "IsDeleted": {},
          "SystemModstamp": {},
          "Product__c": {},
          "CreatedDate": {},
          "Quantity__c": {},
          "Id": {},
          "Catalog_No__c": {}
        },
        "indexes": {
          "SystemModstamp": {
            "unique": false
          },
          "Id": {
            "unique": true
          }
        }
      }
    },
    {
      "object_name": "Product_Lot__c",
      "config": {
        "access": "read_write",
        "sf_notify_enabled": true,
        "sf_polling_seconds": 120,
        "sf_max_daily_api_calls": 30000,
        "fields": {
          "Business_Unit__c": {},
          "Process_Status__c": {},
          "CurrencyIsoCode": {},
          "Operating_Unit__c": {},
          "Expiration_Date__c": {},
          "Lot_Recalled__c": {},
          "Serial_Recalled__c": {},
          "Process_Error__c": {},
          "Name": {},
          "OwnerId": {},
          "IsDeleted": {},
          "Quality_Holds__c": {},
          "SystemModstamp": {},
          "External_ID__c": {},
          "Product__c": {},
          "CreatedDate": {},
          "inActive__c": {},
          "CreatedById": {},
          "Id": {},
          "Recall_Type__c": {},
          "Inventory_Item_ID__c": {}
        },
        "indexes": {
          "SystemModstamp": {
            "unique": false
          },
          "External_ID__c": {
            "unique": true
          },
          "Id": {
            "unique": true
          }
        },
        "upsert_field": "External_ID__c"
      }
    },
    {
      "object_name": "Product_Sub_System__c",
      "config": {
        "access": "read_only",
        "sf_notify_enabled": true,
        "sf_polling_seconds": 120,
        "sf_max_daily_api_calls": 30000,
        "fields": {
          "CurrencyIsoCode": {},
          "IOC_Set__c": {},
          "BranchId__c": {},
          "SAPId__c": {},
          "IOC_Type__c": {},
          "ProductSystemId__c": {},
          "Name": {},
          "OwnerId": {},
          "Custom_Set__c": {},
          "IsDeleted": {},
          "SystemModstamp": {},
          "isActive__c": {},
          "National_Loaner_Set__c": {},
          "CreatedDate": {},
          "National_Loaner__c": {},
          "Id": {},
          "ProdSubSysNo__c": {},
          "Family__c": {}
        },
        "indexes": {
          "SystemModstamp": {
            "unique": false
          },
          "Id": {
            "unique": true
          }
        }
      }
    },
    {
      "object_name": "Product_System_Procedure_Category__c",
      "config": {
        "access": "read_only",
        "sf_notify_enabled": false,
        "sf_polling_seconds": 600,
        "sf_max_daily_api_calls": 30000,
        "fields": {
          "CreatedDate": {},
          "Id": {},
          "IsDeleted": {},
          "Name": {},
          "SystemModstamp": {},
          "Procedure_Category__c": {}
        },
        "indexes": {
          "Id": {
            "unique": true
          },
          "SystemModstamp": {
            "unique": false
          }
        }
      }
    },
    {
      "object_name": "Product_System__c",
      "config": {
        "access": "read_only",
        "sf_notify_enabled": true,
        "sf_polling_seconds": 120,
        "sf_max_daily_api_calls": 30000,
        "fields": {
          "CurrencyIsoCode": {},
          "Category__c": {},
          "Description__c": {},
          "Name": {},
          "Product_Family__c": {},
          "IsDeleted": {},
          "SystemModstamp": {},
          "IsActive__c": {},
          "Division__c": {},
          "CreatedDate": {},
          "ProductId__c": {},
          "ProductSystemName__c": {},
          "CreatedById": {},
          "Id": {},
          "P_L_Family__c": {},
          "Trauma_Division__c": {},
          "Family__c": {}
        },
        "indexes": {
          "SystemModstamp": {
            "unique": false
          },
          "Id": {
            "unique": true
          }
        }
      }
    },
    {
      "object_name": "Question__c",
      "config": {
        "access": "read_only",
        "sf_notify_enabled": false,
        "sf_polling_seconds": 600,
        "sf_max_daily_api_calls": 30000,
        "fields": {
          "Type__c": {},
          "Name": {},
          "IsDeleted": {},
          "SystemModstamp": {},
          "Display_Order__c": {},
          "CreatedDate": {},
          "Id": {},
          "Question__c": {},
          "Product_Line__c": {}
        },
        "indexes": {
          "SystemModstamp": {
            "unique": false
          },
          "Id": {
            "unique": true
          }
        }
      }
    },
    {
      "object_name": "RecordType",
      "config": {
        "access": "read_only",
        "sf_notify_enabled": false,
        "sf_polling_seconds": 120,
        "sf_max_daily_api_calls": 30000,
        "fields": {
          "CreatedDate": {},
          "Id": {},
          "Name": {},
          "SystemModstamp": {},
          "IsActive": {},
          "BusinessProcessId": {},
          "NamespacePrefix": {},
          "DeveloperName": {}
        },
        "indexes": {
          "Id": {
            "unique": true
          },
          "SystemModstamp": {
            "unique": false
          }
        },
        "applied_at": "2018-07-31T09:15:52.697133Z"
      }
    },
    {
      "object_name": "Record_History__c",
      "config": {
        "access": "read_only",
        "sf_notify_enabled": true,
        "sf_polling_seconds": 120,
        "sf_max_daily_api_calls": 30000,
        "fields": {
          "Update_Time__c": {},
          "Parent_Name__c": {},
          "Updated_By__c": {},
          "Old_Value__c": {},
          "Name": {},
          "LastModifiedDate": {},
          "Parent_Record_Id__c": {},
          "IsDeleted": {},
          "SystemModstamp": {},
          "LastModifiedById": {},
          "New_Value__c": {},
          "Changed_Field__c": {},
          "Surgeon_Preference__c": {},
          "CreatedDate": {},
          "CaseId__c": {},
          "Surgeon_Preference__r__External_ID__c": {},
          "CreatedById": {},
          "Id": {},
          "CaseId__r__External_Id__c": {},
          "Parent_Object_Type__c": {}
        },
        "indexes": {
          "LastModifiedDate": {
            "unique": false
          },
          "SystemModstamp": {
            "unique": false
          },
          "Surgeon_Preference__c": {
            "unique": false
          },
          "Id": {
            "unique": true
          },
          "CaseId__c": {
            "unique": false
          }
        },
        "applied_at": "2018-07-31T09:15:52.648549Z"
      }
    },
    {
      "object_name": "RepSuiteApp_Settings__c",
      "config": {
        "indexes": {
          "SystemModstamp": {
            "unique": false
          },
          "External_ID__c": {
            "unique": true
          },
          "Id": {
            "unique": true
          }
        },
        "sf_max_daily_api_calls": 30000,
        "access": "read_write",
        "upsert_field": "External_ID__c",
        "applied_at": "2018-08-02T11:00:42.373684Z",
        "sf_polling_seconds": 600,
        "sf_notify_enabled": false,
        "fields": {
          "Remove_set_part_originally_requested__c": {},
          "Oracle_Order_Notify__c": {},
          "Name": {},
          "IsDeleted": {},
          "SystemModstamp": {},
          "Kit_Assign_Notification__c": {},
          "External_ID__c": {},
          "CreatedDate": {},
          "Rep_Case_Creation__c": {},
          "Case_Scheduled_Notification__c": {},
          "User__c": {},
          "Case_Cancelled_Notification__c": {},
          "Id": {}
        }
      }
    },
    {
      "object_name": "RepSuite_Division__c",
      "config": {
        "access": "read_only",
        "sf_notify_enabled": false,
        "sf_polling_seconds": 600,
        "sf_max_daily_api_calls": 30000,
        "fields": {
          "CreatedDate": {},
          "Id": {},
          "IsDeleted": {},
          "Name": {},
          "SystemModstamp": {},
          "SetupOwnerId": {},
          "DivisionName__c": {}
        },
        "indexes": {
          "Id": {
            "unique": true
          },
          "SystemModstamp": {
            "unique": false
          }
        }
      }
    },
    {
      "object_name": "Surgeon_Preference__c",
      "config": {
        "indexes": {
          "LastModifiedDate": {
            "unique": false
          },
          "SystemModstamp": {
            "unique": false
          },
          "External_ID__c": {
            "unique": true
          },
          "Id": {
            "unique": true
          }
        },
        "sf_max_daily_api_calls": 30000,
        "access": "read_write",
        "upsert_field": "External_ID__c",
        "applied_at": "2018-08-08T05:46:01.102371Z",
        "sf_polling_seconds": 600,
        "sf_notify_enabled": false,
        "fields": {
          "Inventory_Product_System__c": {},
          "Product_System__c": {},
          "BranchId__c": {},
          "Description__c": {},
          "ProductSubSystemId__c": {},
          "ContactId__c": {},
          "Name": {},
          "LastModifiedDate": {},
          "OwnerId": {},
          "HospitalId__c": {},
          "IsDeleted": {},
          "SystemModstamp": {},
          "External_ID__c": {},
          "ProcedureId__c": {},
          "CreatedDate": {},
          "ProductId__c": {},
          "Surg_Pref_Comments__c": {},
          "Id": {},
          "Procedure_Alias__c": {},
          "Product_System_Family__c": {}
        }
      }
    },
    {
      "object_name": "Surgery_Case_Procedure__c",
      "config": {
        "indexes": {
          "BranchId__c": {
            "unique": false
          },
          "CasesId__c": {
            "unique": false
          },
          "SystemModstamp": {
            "unique": false
          },
          "External_ID__c": {
            "unique": true
          },
          "ProcedureId__c": {
            "unique": false
          },
          "Id": {
            "unique": true
          },
          "CasesId__r__External_Id__c": {
            "unique": false
          }
        },
        "sf_max_daily_api_calls": 30000,
        "access": "read_write",
        "upsert_field": "External_ID__c",
        "applied_at": "2018-07-31T09:15:52.808361Z",
        "sf_polling_seconds": 120,
        "sf_notify_enabled": true,
        "fields": {
          "BranchId__r__Branch_id__c": {},
          "Case_Surgery_Day__c": {},
          "CasesId__c": {},
          "BranchId__c": {},
          "Cap_Price__c": {},
          "CasesId__r__External_Id__c": {},
          "Hospital__c": {},
          "Name": {},
          "IsDeleted": {},
          "SystemModstamp": {},
          "External_ID__c": {},
          "ProcedureId__c": {},
          "Case_Rep__c": {},
          "CreatedDate": {},
          "Surgeon__c": {},
          "ProcedureId__r__External_ID__c": {},
          "CreatedById": {},
          "Id": {},
          "Procedure_Alias__c": {}
        }
      }
    },
    {
      "object_name": "Surgical_Case_Products__c",
      "config": {
        "indexes": {
          "CaseProcedureId__c": {
            "unique": false
          },
          "SystemModstamp": {
            "unique": false
          },
          "Surgical_Case__c": {
            "unique": false
          },
          "External_ID__c": {
            "unique": true
          },
          "Id": {
            "unique": true
          }
        },
        "sf_max_daily_api_calls": 30000,
        "access": "read_write",
        "upsert_field": "External_ID__c",
        "applied_at": "2018-07-31T09:15:52.892820Z",
        "sf_polling_seconds": 120,
        "sf_notify_enabled": true,
        "fields": {
          "Branch__c": {},
          "Product_Lot__c": {},
          "Available_Qty__c": {},
          "Transferred_to_Location__c": {},
          "Is_Preference_Product__c": {},
          "Product_System__c": {},
          "Product_Sub_System__c": {},
          "CaseProcedureId__c": {},
          "Category__c": {},
          "Loaner__c": {},
          "Return_Date__c": {},
          "Verified_by_User__c": {},
          "CaseProcedureId__r__External_ID__c": {},
          "Shipped_Date__c": {},
          "Delivery_Date__c": {},
          "Name": {},
          "IPCId__c": {},
          "QuantityVal__c": {},
          "Used_Qty__c": {},
          "Picked_by_User__c": {},
          "IsDeleted": {},
          "Surgical_Case__c": {},
          "SystemModstamp": {},
          "Status__c": {},
          "Expected_Delivery_Date__c": {},
          "Transferred_from_Location__c": {},
          "Recall__c": {},
          "Surgical_Case__r__External_Id__c": {},
          "External_ID__c": {},
          "Product__c": {},
          "Total_Price__c": {},
          "Unit_Price__c": {},
          "IPS_Id__c": {},
          "CreatedDate": {},
          "Assign_to__c": {},
          "Order_Type__c": {},
          "Quantity__c": {},
          "Tracking_No__c": {},
          "Id": {},
          "Actual_Delivery_Date__c": {},
          "Nat_Reg_Loaner__c": {},
          "Assigned_Qty__c": {},
          "Product_System_Family__c": {},
          "Family__c": {}
        }
      }
    },
    {
      "object_name": "Surgical_Case_Sales_Team__c",
      "config": {
        "indexes": {
          "BranchId__c": {
            "unique": false
          },
          "Surgical_Cases__c": {
            "unique": false
          },
          "SystemModstamp": {
            "unique": false
          },
          "External_ID__c": {
            "unique": true
          },
          "Id": {
            "unique": true
          },
          "BranchId__r__Branch_id__c": {
            "unique": false
          },
          "Surgical_Cases__r__External_Id__c": {
            "unique": false
          },
          "Name": {
            "unique": false
          },
          "UserName__c": {
            "unique": false
          },
          "CreatedDate": {
            "unique": false
          },
          "Sales_Rep__c": {
            "unique": false
          },
          "CreatedById": {
            "unique": false
          }
        },
        "sf_max_daily_api_calls": 30000,
        "access": "read_write",
        "upsert_field": "External_ID__c",
        "applied_at": "2018-07-31T09:15:52.950641Z",
        "sf_polling_seconds": 120,
        "sf_notify_enabled": true,
        "fields": {
          "BranchId__r__Branch_id__c": {},
          "Surgical_Cases__c": {},
          "BranchId__c": {},
          "Surgical_Cases__r__External_Id__c": {},
          "Name": {},
          "UserName__c": {},
          "IsDeleted": {},
          "SystemModstamp": {},
          "External_ID__c": {},
          "CreatedDate": {},
          "Sales_Rep__c": {},
          "CreatedById": {},
          "Id": {}
        }
      }
    },
    {
      "object_name": "Surgical_Case_Team__c",
      "config": {
        "access": "read_only",
        "sf_notify_enabled": false,
        "sf_polling_seconds": 120,
        "sf_max_daily_api_calls": 30000,
        "fields": {
          "RecordTypeId": {},
          "Team_Member__c": {},
          "Name": {},
          "Surgery_Start_Date_Time__c": {},
          "Surgical_Case_Name__c": {},
          "Surgery_Start_Date__c": {},
          "IsDeleted": {},
          "Surgical_Case__c": {},
          "SystemModstamp": {},
          "Surgical_Case__r__External_Id__c": {},
          "CreatedDate": {},
          "Surgeon__c": {},
          "CreatedById": {},
          "Id": {}
        },
        "indexes": {
          "SystemModstamp": {
            "unique": false
          },
          "Surgical_Case__c": {
            "unique": false
          },
          "Id": {
            "unique": true
          }
        },
        "applied_at": "2018-06-05T23:53:56.789957Z"
      }
    },
    {
      "object_name": "Survey_Design__c",
      "config": {
        "access": "read_only",
        "sf_notify_enabled": false,
        "sf_polling_seconds": 600,
        "sf_max_daily_api_calls": 30000,
        "fields": {
          "Business_Unit__c": {},
          "Survey_Type__c": {},
          "Is_Active__c": {},
          "Name": {},
          "Web_App__c": {},
          "IsDeleted": {},
          "SystemModstamp": {},
          "CreatedDate": {},
          "Survey_Definition_3__c": {},
          "Survey_Definition_2__c": {},
          "Survey_Definition_1__c": {},
          "Id": {},
          "Unique_active_type__c": {}
        },
        "indexes": {
          "SystemModstamp": {
            "unique": false
          },
          "Id": {
            "unique": true
          }
        }
      }
    },
    {
      "object_name": "Survey_Response__c",
      "config": {
        "indexes": {
          "SystemModstamp": {
            "unique": false
          },
          "External_ID__c": {
            "unique": true
          },
          "Survey_Submission__c": {
            "unique": false
          },
          "Id": {
            "unique": true
          }
        },
        "sf_max_daily_api_calls": 30000,
        "access": "read_write",
        "upsert_field": "External_ID__c",
        "applied_at": "2018-08-29T11:32:48.797155Z",
        "sf_polling_seconds": 120,
        "sf_notify_enabled": false,
        "fields": {
          "Business_Unit__c": {},
          "Geolocation__Latitude__s": {},
          "Completed_By_User__c": {},
          "Parent_Reponse__c": {},
          "Geolocation__Longitude__s": {},
          "Name": {},
          "Responsible_User__c": {},
          "IsDeleted": {},
          "SystemModstamp": {},
          "Response_Value__c": {},
          "Response_Comments__c": {},
          "Survey_Submission__c": {},
          "External_ID__c": {},
          "Product_Group__c": {},
          "Date__c": {},
          "Survey_Submission__r__External_ID__c": {},
          "Question_Text_Formula__c": {},
          "CreatedDate": {},
          "Question_Name_Formula__c": {},
          "Response_Text__c": {},
          "Id": {},
          "Response_Filter_Value__c": {},
          "Question_Text__c": {},
          "Question_Name__c": {}
        }
      }
    },
    {
      "object_name": "Survey_Submission__c",
      "config": {
        "indexes": {
          "SystemModstamp": {
            "unique": false
          },
          "External_ID__c": {
            "unique": true
          },
          "Id": {
            "unique": true
          }
        },
        "sf_max_daily_api_calls": 30000,
        "access": "read_write",
        "upsert_field": "External_ID__c",
        "applied_at": "2018-07-18T13:57:44.773930Z",
        "sf_polling_seconds": 120,
        "sf_notify_enabled": false,
        "fields": {
          "Business_Unit__c": {},
          "Completed_Date__c": {},
          "Contact__c": {},
          "Initiated_By_User__c": {},
          "Responsible_User_Region__c": {},
          "Completed_By_User__c": {},
          "RecordTypeId": {},
          "Target_Date__c": {},
          "Type__c": {},
          "QA_JSON_string__c": {},
          "Due_Date__c": {},
          "Signature__c": {},
          "Name": {},
          "Type_Status__c": {},
          "Responsible_User__c": {},
          "Comments__c": {},
          "IsDeleted": {},
          "Competitor_Use__c": {},
          "SystemModstamp": {},
          "Status__c": {},
          "External_ID__c": {},
          "Submitted_by_User__c": {},
          "No_Of_Products_Used__c": {},
          "CreatedDate": {},
          "NV_Department__c": {},
          "CreatedById": {},
          "Id": {},
          "No_of_Responses__c": {},
          "Allow_User_Edit__c": {},
          "AccountID__c": {}
        }
      }
    },
    {
      "object_name": "User",
      "config": {
        "access": "read_only",
        "sf_notify_enabled": false,
        "sf_polling_seconds": 120,
        "sf_max_daily_api_calls": 30000,
        "fields": {
          "LastName": {},
          "Profile_Name__c": {},
          "UserType": {},
          "AccountId": {},
          "ManagerId": {},
          "LocaleSidKey": {},
          "Name": {},
          "Multiselect_Division__c": {},
          "Division": {},
          "IsActive": {},
          "SystemModstamp": {},
          "Status__c": {},
          "User_ID__c": {},
          "Division__c": {},
          "Username": {},
          "Manager__c": {},
          "CreatedDate": {},
          "Id": {},
          "FirstName": {},
          "Email": {},
          "UserRoleId": {}
        },
        "indexes": {
          "SystemModstamp": {
            "unique": false
          },
          "User_ID__c": {
            "unique": true
          },
          "Id": {
            "unique": true
          },
          "LastName": {
            "unique": false
          },
          "Profile_Name__c": {
            "unique": false
          },
          "UserType": {
            "unique": false
          },
          "AccountId": {
            "unique": false
          },
          "ManagerId": {
            "unique": false
          },
          "LocaleSidKey": {
            "unique": false
          },
          "Name": {
            "unique": false
          },
          "Multiselect_Division__c": {
            "unique": false
          },
          "Division": {
            "unique": false
          },
          "IsActive": {
            "unique": false
          },
          "Status__c": {
            "unique": false
          },
          "Division__c": {
            "unique": false
          },
          "Username": {
            "unique": false
          },
          "Manager__c": {
            "unique": false
          },
          "CreatedDate": {
            "unique": false
          },
          "FirstName": {
            "unique": false
          },
          "Email": {
            "unique": false
          },
          "UserRoleId": {
            "unique": false
          }
        },
        "applied_at": "2018-08-22T12:56:53.906326Z"
      }
    },
    {
      "object_name": "UserRole",
      "config": {
        "access": "read_only",
        "sf_notify_enabled": false,
        "sf_polling_seconds": 120,
        "sf_max_daily_api_calls": 30000,
        "fields": {
          "ForecastUserId": {},
          "PortalRole": {},
          "PortalType": {},
          "Name": {},
          "PortalAccountOwnerId": {},
          "SystemModstamp": {},
          "Id": {},
          "ParentRoleId": {},
          "PortalAccountId": {}
        },
        "indexes": {
          "SystemModstamp": {
            "unique": false
          },
          "Id": {
            "unique": true
          }
        }
      }
    },
    {
      "object_name": "UserSetting__c",
      "config": {
        "access": "read_only",
        "sf_notify_enabled": false,
        "sf_polling_seconds": 600,
        "sf_max_daily_api_calls": 30000,
        "fields": {
          "CreatedDate": {},
          "Id": {},
          "IsDeleted": {},
          "Name": {},
          "SystemModstamp": {},
          "Division__c": {},
          "User__c": {}
        },
        "indexes": {
          "Id": {
            "unique": true
          },
          "SystemModstamp": {
            "unique": false
          }
        }
      }
    }
  ],
  "connection": {
    "app_name": "syk-hc-sit",
    "organization_id": "00D0t0000008dxEEAQ",
    "exported_at": "2018-09-05T12:37:06.734856+00:00",
    "features": {
      "poll_db_no_merge": true,
      "poll_external_ids": false,
      "rest_count_only": false
    },
    "api_version": "42.0",
    "name": "syk-hc-sit:DATABASE_URL:salesforce",
    "logplex_log_enabled": false
  },
  "version": 1
}