[
  {
    "aneurysmType": "Terrible",
    "aneurysmWidth": 4.2,
    "aneurysmDiameter": 5.5,
    "manufacturer": "Stryker",
    "product": "Strykaneurysm",
    "productGroup": "Tools"
  },
  {
    "aneurysmType": "Okay",
    "aneurysmWidth": 3.0,
    "aneurysmDiameter": 4.2,
    "manufacturer": "Non-Stryker",
    "product": "Old and Busted Drill",
    "productGroup": "Tools"
  },
  {
    "aneurysmType": "None",
    "manufacturer": "Public",
    "product": "Public Drill",
    "productGroup": "Probes"
  },
  {
    "aneurysmType": "Bad",
    "aneurysmWidth": 4.2,
    "aneurysmDiameter": 5.5,
    "manufacturer": "Stryker",
    "product": "Strykaneurysm Probe",
    "productGroup": "Probes"
  },
  {
    "aneurysmType": "Good",
    "aneurysmWidth": 1.0,
    "aneurysmDiameter": 2.2,
    "manufacturer": "Non-Stryker",
    "product": "Old and Busted Drill",
    "productGroup": "Probes"
  },
  {
    "aneurysmType": "None",
    "manufacturer": "Eli Lilly",
    "product": "PharmaDrill",
    "productGroup": "Tools"
  },
  {
    "aneurysmType": "Great",
    "aneurysmWidth": 0.2,
    "aneurysmDiameter": 0.2,
    "manufacturer": "Stryker",
    "product": "Strykaneurysm",
    "productGroup": "Probes"
  },
  {
    "aneurysmType": "Okay",
    "aneurysmWidth": 3.0,
    "aneurysmDiameter": 4.2,
    "manufacturer": "GE",
    "product": "GE Advanced Blade",
    "productGroup": "Blades"
  }
]